{
  "qwen_vl": {
    "accuracy": 1.0,
    "prediction_time": 18.009928941726685,
    "num_test_samples": 20,
    "predictions": [
      3,
      8,
      8,
      0,
      6,
      6,
      1,
      6,
      3,
      1,
      0,
      9,
      5,
      7,
      9,
      8,
      5,
      7,
      8,
      6
    ],
    "true_labels": [
      3,
      8,
      8,
      0,
      6,
      6,
      1,
      6,
      3,
      1,
      0,
      9,
      5,
      7,
      9,
      8,
      5,
      7,
      8,
      6
    ],
    "training_time": 8.936535120010376
  }
}