{
  "qwen_vl": {
    "accuracy": 0.0,
    "prediction_time": 0.003701925277709961,
    "num_test_samples": 20,
    "predictions": [
      36,
      5,
      5,
      84,
      52,
      36,
      47,
      78,
      67,
      35,
      89,
      44,
      0,
      36,
      58,
      23,
      77,
      10,
      25,
      24
    ],
    "true_labels": [
      49,
      33,
      72,
      51,
      71,
      92,
      15,
      14,
      23,
      0,
      71,
      75,
      81,
      69,
      40,
      43,
      92,
      97,
      70,
      53
    ],
    "training_time": 8.497815132141113
  }
}