{
  "qwen_vl": {
    "accuracy": 0.5,
    "prediction_time": 45.77925181388855,
    "num_test_samples": 20,
    "predictions": [
      0,
      0,
      0,
      0,
      0,
      0,
      0,
      0,
      0,
      0,
      0,
      0,
      0,
      0,
      0,
      0,
      0,
      0,
      0,
      0
    ],
    "true_labels": [
      0,
      0,
      0,
      0,
      0,
      0,
      0,
      0,
      0,
      0,
      1,
      1,
      1,
      1,
      1,
      1,
      1,
      1,
      1,
      1
    ],
    "training_time": 11.356284856796265
  }
}